begin;

truncate table
  public.activities,
  public.tasks,
  public.deals,
  public.contacts,
  public.leads,
  public.companies,
  public.campaigns
cascade;

insert into public.campaigns (
  id,
  name,
  platform,
  status,
  objective,
  external_campaign_id,
  currency,
  metadata,
  daily_budget,
  total_budget,
  spend_amount,
  impressions,
  clicks,
  start_date,
  end_date
) values
  (
    '11111111-1111-4111-8111-111111111111',
    'Brand Awareness Q2 2026',
    'google',
    'active',
    'Brand awareness',
    'g_campaign_q2_brand',
    'USD',
    '{"channel":"paid_search"}'::jsonb,
    450.00,
    18000.00,
    8420.00,
    1245000,
    28640,
    '2026-04-01',
    '2026-06-30'
  ),
  (
    '22222222-2222-4222-8222-222222222222',
    'Lead Gen Enterprise SaaS',
    'meta',
    'active',
    'Lead generation',
    'fb_campaign_enterprise_leadgen',
    'USD',
    '{"channel":"paid_social"}'::jsonb,
    380.00,
    15000.00,
    6110.00,
    902000,
    19200,
    '2026-04-10',
    '2026-06-30'
  ),
  (
    '33333333-3333-4333-8333-333333333333',
    'AI Features Product Launch',
    'linkedin',
    'active',
    'Conversions',
    'li_launch_ai_features',
    'USD',
    '{"channel":"paid_social"}'::jsonb,
    520.00,
    22000.00,
    9340.00,
    455000,
    11820,
    '2026-04-05',
    '2026-07-15'
  );

insert into public.companies (
  id,
  name,
  domain,
  website_url,
  industry,
  size_band
) values
  (
    'aaaaaaaa-aaaa-4aaa-8aaa-aaaaaaaaaaa1',
    'TechCorp Solutions',
    'techcorp.io',
    'https://techcorp.io',
    'Technology',
    '500-1000'
  ),
  (
    'aaaaaaaa-aaaa-4aaa-8aaa-aaaaaaaaaaa2',
    'Innovate Co',
    'innovate.co',
    'https://innovate.co',
    'Software',
    '50-200'
  ),
  (
    'aaaaaaaa-aaaa-4aaa-8aaa-aaaaaaaaaaa3',
    'Global Finance Ltd',
    'globalfin.com',
    'https://globalfin.com',
    'Financial Services',
    '1000-5000'
  ),
  (
    'aaaaaaaa-aaaa-4aaa-8aaa-aaaaaaaaaaa4',
    'CloudNine Tech',
    'cloudnine.io',
    'https://cloudnine.io',
    'Cloud Services',
    '200-500'
  ),
  (
    'aaaaaaaa-aaaa-4aaa-8aaa-aaaaaaaaaaa5',
    'RetailPlus',
    'retailplus.com',
    'https://retailplus.com',
    'Retail',
    '1000-5000'
  );

insert into public.leads (
  id,
  company_id,
  full_name,
  email,
  phone,
  status,
  score,
  platform,
  source,
  campaign_id,
  ad_group_id,
  ad_id,
  landing_page_url,
  utm_source,
  utm_medium,
  utm_campaign,
  utm_content,
  utm_term,
  gclid,
  metadata,
  qualified_at,
  created_at,
  updated_at
) values
  (
    '10000000-0000-4000-8000-000000000001',
    'aaaaaaaa-aaaa-4aaa-8aaa-aaaaaaaaaaa1',
    'Alex Thompson',
    'alex.t@techcorp.io',
    '+1 (555) 234-5678',
    'qualified',
    85,
    'google',
    'google_ads',
    '11111111-1111-4111-8111-111111111111',
    'enterprise-keywords',
    'creative-transform-your-business',
    'https://campaign-ai.app/enterprise-demo',
    'google',
    'cpc',
    'brand-awareness-q2-2026',
    'enterprise-demo',
    'ai analytics platform',
    'gclid_techcorp_001',
    '{"tags":["enterprise","high-value"]}'::jsonb,
    '2026-04-18T10:00:00Z',
    '2026-04-16T09:15:00Z',
    '2026-04-18T10:00:00Z'
  ),
  (
    '10000000-0000-4000-8000-000000000002',
    'aaaaaaaa-aaaa-4aaa-8aaa-aaaaaaaaaaa2',
    'Maria Garcia',
    'maria@innovate.co',
    '+1 (555) 345-6789',
    'new',
    72,
    'meta',
    'meta_ads',
    '22222222-2222-4222-8222-222222222222',
    'lookalike-founders',
    'creative-scale-operations',
    'https://campaign-ai.app/free-trial',
    'facebook',
    'paid_social',
    'enterprise-leadgen',
    'founder-story',
    'growth dashboard',
    null,
    '{"tags":["mid-market"]}'::jsonb,
    null,
    '2026-04-20T08:15:00Z',
    '2026-04-20T08:15:00Z'
  ),
  (
    '10000000-0000-4000-8000-000000000003',
    'aaaaaaaa-aaaa-4aaa-8aaa-aaaaaaaaaaa3',
    'James Wilson',
    'j.wilson@globalfin.com',
    '+1 (555) 456-7890',
    'contacted',
    91,
    'linkedin',
    'linkedin_ads',
    '33333333-3333-4333-8333-333333333333',
    'c-suite-targeting',
    'creative-ai-powered-analytics',
    'https://campaign-ai.app/ai-features',
    'linkedin',
    'sponsored',
    'ai-features-launch',
    'c-suite-offer',
    'enterprise analytics',
    null,
    '{"tags":["finance","enterprise"]}'::jsonb,
    null,
    '2026-04-14T13:30:00Z',
    '2026-04-19T11:20:00Z'
  ),
  (
    '10000000-0000-4000-8000-000000000004',
    'aaaaaaaa-aaaa-4aaa-8aaa-aaaaaaaaaaa4',
    'Priya Patel',
    'priya@cloudnine.io',
    '+91 98765 43210',
    'converted',
    88,
    'linkedin',
    'linkedin_ads',
    '33333333-3333-4333-8333-333333333333',
    'tech-leaders',
    'creative-next-gen-platform',
    'https://campaign-ai.app/migration-plan',
    'linkedin',
    'sponsored',
    'ai-features-launch',
    'migration-guide',
    'cloud migration',
    null,
    '{"tags":["customer","converted"]}'::jsonb,
    '2026-04-07T10:45:00Z',
    '2026-04-05T14:20:00Z',
    '2026-04-21T09:30:00Z'
  ),
  (
    '10000000-0000-4000-8000-000000000005',
    'aaaaaaaa-aaaa-4aaa-8aaa-aaaaaaaaaaa5',
    'Tom Baker',
    'tom@retailplus.com',
    '+1 (555) 678-9012',
    'unqualified',
    32,
    'google',
    'retargeting',
    '11111111-1111-4111-8111-111111111111',
    'cart-abandoners',
    'creative-come-back-save',
    'https://campaign-ai.app/special-offer',
    'google',
    'display',
    'retargeting-q2',
    'promo-banner',
    'retail reporting',
    'gclid_retail_005',
    '{"tags":["retail"]}'::jsonb,
    null,
    '2026-04-12T11:00:00Z',
    '2026-04-18T15:45:00Z'
  );

update public.leads
set
  converted_at = '2026-04-21T09:30:00Z',
  disqualified_at = null,
  disqualification_reason = null
where id = '10000000-0000-4000-8000-000000000004';

update public.leads
set
  disqualified_at = '2026-04-18T15:45:00Z',
  disqualification_reason = 'Budget not approved for this quarter'
where id = '10000000-0000-4000-8000-000000000005';

insert into public.contacts (
  id,
  company_id,
  source_lead_id,
  full_name,
  email,
  phone,
  job_title,
  lifecycle_stage,
  created_at,
  updated_at
) values
  (
    '20000000-0000-4000-8000-000000000001',
    'aaaaaaaa-aaaa-4aaa-8aaa-aaaaaaaaaaa4',
    '10000000-0000-4000-8000-000000000004',
    'Priya Patel',
    'priya@cloudnine.io',
    '+91 98765 43210',
    'Founder & CEO',
    'customer',
    '2026-04-21T09:30:00Z',
    '2026-04-21T09:30:00Z'
  ),
  (
    '20000000-0000-4000-8000-000000000002',
    'aaaaaaaa-aaaa-4aaa-8aaa-aaaaaaaaaaa1',
    null,
    'Alex Thompson',
    'alex.t@techcorp.io',
    '+1 (555) 234-5678',
    'VP of Engineering',
    'opportunity',
    '2026-04-18T10:30:00Z',
    '2026-04-18T10:30:00Z'
  ),
  (
    '20000000-0000-4000-8000-000000000003',
    'aaaaaaaa-aaaa-4aaa-8aaa-aaaaaaaaaaa3',
    null,
    'James Wilson',
    'j.wilson@globalfin.com',
    '+1 (555) 456-7890',
    'Chief Operating Officer',
    'opportunity',
    '2026-04-19T11:20:00Z',
    '2026-04-19T11:20:00Z'
  ),
  (
    '20000000-0000-4000-8000-000000000004',
    'aaaaaaaa-aaaa-4aaa-8aaa-aaaaaaaaaaa5',
    null,
    'Tom Baker',
    'tom@retailplus.com',
    '+1 (555) 678-9012',
    'Operations Director',
    'inactive',
    '2026-04-18T15:45:00Z',
    '2026-04-18T15:45:00Z'
  );

update public.leads
set converted_contact_id = '20000000-0000-4000-8000-000000000001'
where id = '10000000-0000-4000-8000-000000000004';

insert into public.deals (
  id,
  company_id,
  primary_contact_id,
  source_lead_id,
  title,
  amount,
  currency,
  stage,
  probability,
  stage_changed_at,
  expected_close_date,
  closed_at,
  won_at,
  lost_at,
  lost_reason,
  platform,
  source,
  campaign_id,
  ad_group_id,
  ad_id,
  landing_page_url,
  utm_source,
  utm_medium,
  utm_campaign,
  utm_content,
  utm_term,
  gclid,
  metadata,
  created_at,
  updated_at
) values
  (
    '30000000-0000-4000-8000-000000000001',
    'aaaaaaaa-aaaa-4aaa-8aaa-aaaaaaaaaaa1',
    '20000000-0000-4000-8000-000000000002',
    '10000000-0000-4000-8000-000000000001',
    'TechCorp Enterprise License',
    125000.00,
    'USD',
    'negotiation',
    75,
    '2026-04-20T16:30:00Z',
    '2026-05-15',
    null,
    null,
    null,
    null,
    'google',
    'google_ads',
    '11111111-1111-4111-8111-111111111111',
    'enterprise-keywords',
    'creative-transform-your-business',
    'https://campaign-ai.app/enterprise-demo',
    'google',
    'cpc',
    'brand-awareness-q2-2026',
    'enterprise-demo',
    'ai analytics platform',
    'gclid_techcorp_001',
    '{"segment":"enterprise"}'::jsonb,
    '2026-04-19T15:00:00Z',
    '2026-04-20T16:30:00Z'
  ),
  (
    '30000000-0000-4000-8000-000000000002',
    'aaaaaaaa-aaaa-4aaa-8aaa-aaaaaaaaaaa4',
    '20000000-0000-4000-8000-000000000001',
    '10000000-0000-4000-8000-000000000004',
    'CloudNine Migration Project',
    67800.00,
    'USD',
    'won',
    100,
    '2026-04-22T09:00:00Z',
    '2026-04-22',
    '2026-04-22T09:00:00Z',
    '2026-04-22T09:00:00Z',
    null,
    null,
    'linkedin',
    'linkedin_ads',
    '33333333-3333-4333-8333-333333333333',
    'tech-leaders',
    'creative-next-gen-platform',
    'https://campaign-ai.app/migration-plan',
    'linkedin',
    'sponsored',
    'ai-features-launch',
    'migration-guide',
    'cloud migration',
    null,
    '{"segment":"customer-expansion"}'::jsonb,
    '2026-04-21T10:00:00Z',
    '2026-04-22T09:00:00Z'
  ),
  (
    '30000000-0000-4000-8000-000000000003',
    'aaaaaaaa-aaaa-4aaa-8aaa-aaaaaaaaaaa3',
    '20000000-0000-4000-8000-000000000003',
    '10000000-0000-4000-8000-000000000003',
    'Global Finance Platform Rollout',
    340000.00,
    'USD',
    'proposal',
    55,
    '2026-04-20T14:45:00Z',
    '2026-05-20',
    null,
    null,
    null,
    null,
    'linkedin',
    'linkedin_ads',
    '33333333-3333-4333-8333-333333333333',
    'c-suite-targeting',
    'creative-ai-powered-analytics',
    'https://campaign-ai.app/ai-features',
    'linkedin',
    'sponsored',
    'ai-features-launch',
    'c-suite-offer',
    'enterprise analytics',
    null,
    '{"segment":"financial-services"}'::jsonb,
    '2026-04-20T12:15:00Z',
    '2026-04-20T14:45:00Z'
  ),
  (
    '30000000-0000-4000-8000-000000000004',
    'aaaaaaaa-aaaa-4aaa-8aaa-aaaaaaaaaaa5',
    '20000000-0000-4000-8000-000000000004',
    '10000000-0000-4000-8000-000000000005',
    'RetailPlus Pilot Program',
    22000.00,
    'USD',
    'lost',
    0,
    '2026-04-18T15:45:00Z',
    '2026-04-18',
    '2026-04-18T15:45:00Z',
    null,
    '2026-04-18T15:45:00Z',
    'Budget not approved for this quarter',
    'google',
    'retargeting',
    '11111111-1111-4111-8111-111111111111',
    'cart-abandoners',
    'creative-come-back-save',
    'https://campaign-ai.app/special-offer',
    'google',
    'display',
    'retargeting-q2',
    'promo-banner',
    'retail reporting',
    'gclid_retail_005',
    '{"segment":"retail"}'::jsonb,
    '2026-04-17T10:00:00Z',
    '2026-04-18T15:45:00Z'
  );

insert into public.tasks (
  id,
  title,
  description,
  type,
  priority,
  status,
  due_at,
  completed_at,
  lead_id,
  deal_id,
  created_at,
  updated_at
) values
  (
    '40000000-0000-4000-8000-000000000001',
    'Send pricing deck to Alex',
    'Share pricing and implementation timeline before Friday.',
    'email',
    'high',
    'pending',
    '2026-04-21T09:00:00Z',
    null,
    '10000000-0000-4000-8000-000000000001',
    null,
    '2026-04-20T17:00:00Z',
    '2026-04-20T17:00:00Z'
  ),
  (
    '40000000-0000-4000-8000-000000000002',
    'Schedule demo follow-up with Alex',
    'Confirm security review attendees for the follow-up call.',
    'follow_up',
    'medium',
    'pending',
    '2026-04-23T13:00:00Z',
    null,
    '10000000-0000-4000-8000-000000000001',
    null,
    '2026-04-20T17:10:00Z',
    '2026-04-20T17:10:00Z'
  ),
  (
    '40000000-0000-4000-8000-000000000003',
    'Initial outreach to Maria',
    'Send a first-touch message with the free trial offer.',
    'follow_up',
    'medium',
    'pending',
    '2026-04-21T11:30:00Z',
    null,
    '10000000-0000-4000-8000-000000000002',
    null,
    '2026-04-20T08:20:00Z',
    '2026-04-20T08:20:00Z'
  ),
  (
    '40000000-0000-4000-8000-000000000004',
    'Send onboarding checklist',
    'Hand off the onboarding checklist after signature.',
    'email',
    'low',
    'completed',
    '2026-04-22T10:00:00Z',
    '2026-04-22T10:15:00Z',
    '10000000-0000-4000-8000-000000000004',
    null,
    '2026-04-22T09:10:00Z',
    '2026-04-22T10:15:00Z'
  ),
  (
    '40000000-0000-4000-8000-000000000005',
    'Revise proposal pricing for Global Finance',
    'Update the discount scenario before procurement review.',
    'review',
    'urgent',
    'pending',
    '2026-03-29T12:00:00Z',
    null,
    null,
    '30000000-0000-4000-8000-000000000003',
    '2026-03-28T14:00:00Z',
    '2026-03-28T14:00:00Z'
  ),
  (
    '40000000-0000-4000-8000-000000000006',
    'Confirm security review attendees',
    'Lock the attendee list before the negotiation call.',
    'follow_up',
    'medium',
    'pending',
    '2026-04-24T10:30:00Z',
    null,
    null,
    '30000000-0000-4000-8000-000000000001',
    '2026-04-20T18:00:00Z',
    '2026-04-20T18:00:00Z'
  ),
  (
    '40000000-0000-4000-8000-000000000007',
    'Call Maria about the trial rollout',
    'Clarify onboarding questions and confirm stakeholders.',
    'call',
    'high',
    'in_progress',
    '2026-03-31T12:00:00Z',
    null,
    '10000000-0000-4000-8000-000000000002',
    null,
    '2026-03-31T08:30:00Z',
    '2026-03-31T09:45:00Z'
  ),
  (
    '40000000-0000-4000-8000-000000000008',
    'Follow up on paused evaluation',
    'Cancel the follow-up because the opportunity is paused.',
    'follow_up',
    'low',
    'canceled',
    '2026-04-01T15:00:00Z',
    null,
    null,
    '30000000-0000-4000-8000-000000000004',
    '2026-03-31T09:30:00Z',
    '2026-03-31T10:00:00Z'
  );

insert into public.activities (
  id,
  type,
  title,
  description,
  occurred_at,
  duration_minutes,
  lead_id,
  deal_id,
  created_at,
  updated_at
) values
  (
    '50000000-0000-4000-8000-000000000001',
    'system',
    'New lead captured',
    'Alex Thompson submitted the enterprise demo form.',
    '2026-04-16T09:15:00Z',
    null,
    '10000000-0000-4000-8000-000000000001',
    null,
    '2026-04-16T09:15:00Z',
    '2026-04-16T09:15:00Z'
  ),
  (
    '50000000-0000-4000-8000-000000000002',
    'call',
    'Discovery call with Alex',
    'Reviewed security requirements and rollout timing for the enterprise plan.',
    '2026-04-20T16:30:00Z',
    35,
    '10000000-0000-4000-8000-000000000001',
    null,
    '2026-04-20T16:30:00Z',
    '2026-04-20T16:30:00Z'
  ),
  (
    '50000000-0000-4000-8000-000000000003',
    'system',
    'Lead contacted',
    'Maria Garcia entered the SDR queue for first outreach.',
    '2026-04-20T08:15:00Z',
    null,
    '10000000-0000-4000-8000-000000000002',
    null,
    '2026-04-20T08:15:00Z',
    '2026-04-20T08:15:00Z'
  ),
  (
    '50000000-0000-4000-8000-000000000004',
    'call',
    'Qualification call with James',
    'Discussed data residency requirements and procurement timeline.',
    '2026-04-19T11:20:00Z',
    28,
    '10000000-0000-4000-8000-000000000003',
    null,
    '2026-04-19T11:20:00Z',
    '2026-04-19T11:20:00Z'
  ),
  (
    '50000000-0000-4000-8000-000000000005',
    'email',
    'Case study sent to James',
    'Shared the financial-services case study after the qualification call.',
    '2026-04-19T12:05:00Z',
    null,
    '10000000-0000-4000-8000-000000000003',
    null,
    '2026-04-19T12:05:00Z',
    '2026-04-19T12:05:00Z'
  ),
  (
    '50000000-0000-4000-8000-000000000006',
    'meeting',
    'Final migration review',
    'CloudNine approved the migration plan and signed the agreement.',
    '2026-04-22T09:00:00Z',
    45,
    '10000000-0000-4000-8000-000000000004',
    null,
    '2026-04-22T09:00:00Z',
    '2026-04-22T09:00:00Z'
  ),
  (
    '50000000-0000-4000-8000-000000000007',
    'meeting',
    'Proposal review with Global Finance',
    'Walked through pricing and implementation sequencing with procurement.',
    '2026-04-20T14:45:00Z',
    40,
    null,
    '30000000-0000-4000-8000-000000000003',
    '2026-04-20T14:45:00Z',
    '2026-04-20T14:45:00Z'
  ),
  (
    '50000000-0000-4000-8000-000000000008',
    'email',
    'Security checklist sent to TechCorp',
    'Shared the security questionnaire ahead of the contract review.',
    '2026-04-20T18:15:00Z',
    null,
    null,
    '30000000-0000-4000-8000-000000000001',
    '2026-04-20T18:15:00Z',
    '2026-04-20T18:15:00Z'
  ),
  (
    '50000000-0000-4000-8000-000000000009',
    'note',
    'Deal marked as lost',
    'RetailPlus paused the pilot after finance rejected the spend request.',
    '2026-04-18T15:45:00Z',
    null,
    null,
    '30000000-0000-4000-8000-000000000004',
    '2026-04-18T15:45:00Z',
    '2026-04-18T15:45:00Z'
  );

commit;
